{
  "code": 200,
  "msg": "",
  "data": [
    {
      "id": "123123",
      "headUrl": "http://s4.sinaimg.cn/middle/7270bd0ft775120f5b533&690",
      "nickname": "小心肝小肉球",
      "time": "07月06日 12:23",
      "wish": "我想和我妈去石家庄~皮皮虾大神帮我实现愿望吧~",
      "praiseNum": 67,
      "heartNum":false
    },
    {
      "id": "123123",
      "headUrl": "http://s4.sinaimg.cn/middle/7270bd0ft775120f5b533&690",
      "nickname": "小心肝小肉球",
      "time": "07月06日 12:23",
      "wish": "我想和我妈去石家庄~皮皮虾大神帮我实现愿望吧~我想和我妈去石家庄~皮皮虾大神帮我实现愿望吧~",
      "praiseNum": 45,
      "heartNum":false
    },
    {
      "id": "123123",
      "headUrl": "http://s4.sinaimg.cn/middle/7270bd0ft775120f5b533&690",
      "nickname": "小心肝小肉球",
      "time": "07月06日 12:23",
      "wish": "我想和我妈去石家庄~皮皮虾大神帮我实现愿望吧~我想和我妈去石家庄~皮皮虾大神帮我实现愿望吧~",
      "praiseNum": 45,
      "heartNum":false
    },
    {
      "id": "123123",
      "headUrl": "http://s4.sinaimg.cn/middle/7270bd0ft775120f5b533&690",
      "nickname": "小心肝小肉球",
      "time": "07月06日 12:23",
      "wish": "我想和我妈去石家庄~皮皮虾大神帮我实现愿望吧~我想和我妈去石家庄~皮皮虾大神帮我实现愿望吧~",
      "praiseNum": 45,
      "heartNum":false
    },{
      "id": "123123",
      "headUrl": "http://s4.sinaimg.cn/middle/7270bd0ft775120f5b533&690",
      "nickname": "小心肝小肉球",
      "time": "07月06日 12:23",
      "wish": "我想和我妈去石家庄~皮皮虾大神帮我实现愿望吧~我想和我妈去石家庄~皮皮虾大神帮我实现愿望吧~",
      "praiseNum": 45,
      "heartNum":false
    },{
      "id": "123123",
      "headUrl": "http://s4.sinaimg.cn/middle/7270bd0ft775120f5b533&690",
      "nickname": "小心肝小肉球",
      "time": "07月06日 12:23",
      "wish": "我想和我妈去石家庄~皮皮虾大神帮我实现愿望吧~我想和我妈去石家庄~皮皮虾大神帮我实现愿望吧~",
      "praiseNum": 45,
      "heartNum":false
    },{
      "id": "123123",
      "headUrl": "http://s4.sinaimg.cn/middle/7270bd0ft775120f5b533&690",
      "nickname": "小心肝小肉球",
      "time": "07月06日 12:23",
      "wish": "我想和我妈去石家庄~皮皮虾大神帮我实现愿望吧~我想和我妈去石家庄~皮皮虾大神帮我实现愿望吧~",
      "praiseNum": 45,
      "heartNum":false
    },{
      "id": "123123",
      "headUrl": "http://s4.sinaimg.cn/middle/7270bd0ft775120f5b533&690",
      "nickname": "小心肝小肉球",
      "time": "07月06日 12:23",
      "wish": "我想和我妈去石家庄~皮皮虾大神帮我实现愿望吧~我想和我妈去石家庄~皮皮虾大神帮我实现愿望吧~",
      "praiseNum": 45,
      "heartNum":false
    },{
      "id": "123123",
      "headUrl": "http://s4.sinaimg.cn/middle/7270bd0ft775120f5b533&690",
      "nickname": "小心肝小肉球",
      "time": "07月06日 12:23",
      "wish": "我想和我妈去石家庄~皮皮虾大神帮我实现愿望吧~我想和我妈去石家庄~皮皮虾大神帮我实现愿望吧~",
      "praiseNum": 45,
      "heartNum":false
    },{
      "id": "123123",
      "headUrl": "http://s4.sinaimg.cn/middle/7270bd0ft775120f5b533&690",
      "nickname": "小心肝小肉球",
      "time": "07月06日 12:23",
      "wish": "我想和我妈去石家庄~皮皮虾大神帮我实现愿望吧~我想和我妈去石家庄~皮皮虾大神帮我实现愿望吧~",
      "praiseNum": 45,
      "heartNum":false
    }
  ]
}
